city,support,s_low,s_high,s_width,time
Vancouver,0.9,8.868333333,37.82,28.95166667,4.464999914
New York,0.9,12.858,48.97,36.112,4.51699996
Seattle,0.9,6.14,35.54,29.4,3.447999954
Las Vegas,0.9,13.79,57.84866667,44.05866667,4.766000032
Boston,0.9,12.23,51.11,38.88,4.923000097
Chicago,0.9,11.7,52.49,40.79,4.661000013
Dallas,0.9,7.867333333,46.96,39.09266667,4.585999966
Los Angeles,0.9,1.11,41.33233333,40.22233333,4.616999865
Beersheba,0.9,-0.688,34.77,35.458,4.917000055